kernel,size,mean_ms,stdev_ms
mv_row,64,0.0257383,0.0027749
mv_col,64,0.0270333,0.00372641
mm_naive,64,1.8625,0.0758209
mm_bt,64,1.27916,0.0624696
mv_row,128,0.0986925,0.00342384
mv_col,128,0.104065,0.00424699
mm_naive,128,14.6979,0.121266
mm_bt,128,10.0753,0.0556152
mv_row,256,0.38762,0.0116815
mv_col,256,0.408775,0.0154418
mm_naive,256,116.816,0.769646
mm_bt,256,80.0666,0.579335